trans_date,txns,fraud_txns,total_amt,fraud_rate
2019-01-01,2414,0,156487.09,0.0
2019-01-02,1118,7,70723.58,0.006261180679785331
2019-01-03,1236,12,86516.49,0.009708737864077669
2019-01-04,1474,13,112436.39,0.008819538670284939
2019-01-05,1409,13,97496.13,0.009226401703335699
2019-01-06,2029,2,135816.21,0.0009857072449482504
2019-01-07,2425,4,178233.18,0.0016494845360824743
2019-01-08,2314,26,168061.93,0.011235955056179775
2019-01-09,1158,23,88906.06,0.019861830742659757
2019-01-10,1249,6,87716.01,0.004803843074459567
2019-01-11,1439,16,108301.6,0.011118832522585128
2019-01-12,1456,21,103636.58,0.014423076923076924
2019-01-13,1980,29,150087.55,0.014646464646464647
2019-01-14,2443,37,173760.76,0.01514531313958248
2019-01-15,2360,36,181937.15,0.015254237288135594
2019-01-16,1186,20,92799.7,0.016863406408094434
2019-01-17,1233,16,92555.41,0.012976480129764802
2019-01-18,1360,20,91947.38,0.014705882352941176
2019-01-19,1359,21,101678.89,0.01545253863134658
2019-01-20,2011,25,144205.75,0.012431626056688214
2019-01-21,2384,17,171987.5,0.007130872483221477
2019-01-22,2302,21,165953.28,0.009122502172024326
2019-01-23,1137,2,76814.22,0.001759014951627089
2019-01-24,1288,4,81524.03,0.003105590062111801
2019-01-25,1281,6,85657.2,0.00468384074941452
2019-01-26,1391,0,98749.47,0.0
2019-01-27,2029,19,145681.71,0.009364218827008379
2019-01-28,2410,15,172870.08,0.006224066390041493
2019-01-29,2314,23,170014.07,0.009939498703543647
2019-01-30,1109,20,77006.25,0.018034265103697024
2019-01-31,1227,32,90188.38,0.026079869600651995
2019-02-01,1477,20,107303.09,0.013540961408259987
2019-02-02,1483,22,103853.38,0.014834794335805798
2019-02-03,2020,19,146800.85,0.009405940594059406
2019-02-04,2398,13,180640.4,0.005421184320266889
2019-02-05,2349,0,154987.07,0.0
2019-02-06,1122,14,88121.14,0.012477718360071301
2019-02-07,1287,35,108754.44,0.027195027195027196
2019-02-08,1435,34,109503.13,0.023693379790940768
2019-02-09,1433,7,106254.04,0.004884856943475227
2019-02-10,2019,5,136119.36,0.0024764735017335313
2019-02-11,2386,12,166315.07,0.005029337803855826
2019-02-12,2361,44,181275.21,0.018636171113934775
2019-02-13,1181,26,93316.26,0.02201524132091448
2019-02-14,1221,10,87856.35,0.00819000819000819
2019-02-15,1375,14,99114.58,0.010181818181818183
2019-02-16,1444,2,97997.66,0.0013850415512465374
2019-02-17,2022,13,141365.67,0.006429277942631058
2019-02-18,2372,22,166151.64,0.00927487352445194
2019-02-19,2293,24,163815.64,0.010466637592673354
2019-02-20,1135,5,73045.89,0.004405286343612335
2019-02-21,1256,11,91687.73,0.00875796178343949
2019-02-22,1396,18,91655.98,0.012893982808022923
2019-02-23,1435,10,98055.88,0.006968641114982578
2019-02-24,2059,7,150718.53,0.003399708596406022
2019-02-25,2342,50,179114.27,0.02134927412467976
2019-02-26,2318,32,174360.57,0.013805004314063849
2019-02-27,1106,4,81551.85,0.003616636528028933
2019-02-28,3141,44,224926.55,0.014008277618592805
2019-03-01,1841,6,126447.23,0.0032590983161325366
2019-03-02,2628,9,182426.36,0.003424657534246575
2019-03-03,3136,9,214490.78,0.0028698979591836736
2019-03-04,3093,13,221443.55,0.004203039120594891
2019-03-05,1560,19,123154.85,0.01217948717948718
2019-03-06,1678,14,112385.48,0.00834326579261025
2019-03-07,1876,24,139070.77,0.01279317697228145
2019-03-08,1850,28,135104.21,0.015135135135135135
2019-03-09,2696,8,175883.74,0.002967359050445104
2019-03-10,3258,17,237672.43,0.0052179251074278695
2019-03-11,3045,30,231650.16,0.009852216748768473
2019-03-12,1429,14,104592.5,0.00979706088173548
2019-03-13,1641,10,110703.4,0.006093845216331505
2019-03-14,1868,28,137732.15,0.014989293361884369
2019-03-15,1891,27,143384.11,0.014278159703860392
2019-03-16,2649,26,199057.15,0.009815024537561345
2019-03-17,3117,7,209019.16,0.002245749117741418
2019-03-18,3065,0,193284.35,0.0
2019-03-19,1476,17,98314.48,0.011517615176151762
2019-03-20,1715,27,129872.23,0.01574344023323615
2019-03-21,1829,12,127082.36,0.0065609622744669215
2019-03-22,1884,30,152387.17,0.01592356687898089
2019-03-23,2755,27,197709.72,0.009800362976406534
2019-03-24,3164,11,210923.13,0.00347661188369153
2019-03-25,3039,27,232756.95,0.008884501480750246
2019-03-26,1497,10,108902.95,0.006680026720106881
2019-03-27,1674,7,116145.46,0.004181600955794504
2019-03-28,1778,8,131729.85,0.0044994375703037125
2019-03-29,1932,0,120771.9,0.0
2019-03-30,2693,14,186549.61,0.0051986632008912
2019-03-31,3182,15,217238.21,0.004714016341923318
2019-04-01,3100,6,201691.58,0.001935483870967742
2019-04-02,1429,5,95332.3,0.0034989503149055285
2019-04-03,1649,18,119240.45,0.010915706488781079
2019-04-04,1937,13,143304.82,0.006711409395973154
2019-04-05,1848,5,120898.17,0.0027056277056277055
2019-04-06,2719,7,185896.8,0.0025744759102611253
2019-04-07,3246,13,239164.15,0.004004929143561306
2019-04-08,3095,20,210391.21,0.006462035541195477
2019-04-09,1465,8,94894.05,0.005460750853242321
2019-04-10,1685,9,114241.29,0.005341246290801187
2019-04-11,1800,8,122745.66,0.0044444444444444444
2019-04-12,1932,13,136113.95,0.006728778467908903
2019-04-13,2694,13,191190.76,0.004825538233110616
2019-04-14,3078,9,196171.14,0.0029239766081871343
2019-04-15,3062,7,202464.36,0.0022860875244937948
2019-04-16,1496,19,108690.76,0.01270053475935829
2019-04-17,1680,20,123050.42,0.011904761904761904
2019-04-18,1772,10,136050.7,0.0056433408577878106
2019-04-19,1880,12,139194.52,0.006382978723404255
2019-04-20,2767,15,187275.69,0.005421033610408385
2019-04-21,3206,4,216255.63,0.0012476606363069245
2019-04-22,3133,6,209358.4,0.001915097350781998
2019-04-23,1449,7,102113.34,0.004830917874396135
2019-04-24,1729,8,129671.48,0.004626951995373048
2019-04-25,1813,11,126447.78,0.006067291781577496
2019-04-26,1894,27,150968.13,0.014255543822597676
2019-04-27,2675,20,200061.96,0.007476635514018692
2019-04-28,3147,20,211787.09,0.006355258976803305
2019-04-29,3163,28,228086.83,0.008852355358836548
2019-04-30,1535,15,118751.16,0.009771986970684038
2019-05-01,1660,15,118184.04,0.009036144578313253
2019-05-02,1752,14,129744.09,0.007990867579908675
2019-05-03,1849,17,130308.95,0.009194159004867496
2019-05-04,2636,14,181036.57,0.005311077389984826
2019-05-05,3166,5,210071.31,0.0015792798483891346
2019-05-06,3041,9,204325.19,0.00295955277869122
2019-05-07,1501,6,102367.15,0.003997335109926716
2019-05-08,1757,0,116485.29,0.0
2019-05-09,1808,0,130211.21,0.0
2019-05-10,1878,6,129936.91,0.003194888178913738
2019-05-11,2698,17,183042.43,0.006300963676797628
2019-05-12,3218,24,225684.23,0.0074580484773151025
2019-05-13,3022,13,214729.62,0.004301786896095301
2019-05-14,1470,10,112185.92,0.006802721088435374
2019-05-15,1663,11,125175.96,0.00661455201443175
2019-05-16,1857,15,133875.74,0.008077544426494346
2019-05-17,1901,22,132442.41,0.011572856391372961
2019-05-18,2598,17,179575.81,0.006543494996150885
2019-05-19,3071,22,212228.1,0.007163790296320417
2019-05-20,3177,44,247510.33,0.013849543594586088
2019-05-21,1492,11,105499.09,0.007372654155495978
2019-05-22,1648,8,114072.54,0.0048543689320388345
2019-05-23,1879,15,126218.25,0.007982969664715274
2019-05-24,2258,14,143473.88,0.006200177147918512
2019-05-25,3248,20,230273.34,0.006157635467980296
2019-05-26,3933,29,274885.24,0.00737350622934147
2019-05-27,3770,6,255876.32,0.0015915119363395225
2019-05-28,1826,3,127174.95,0.0016429353778751369
2019-05-29,2067,13,144776.24,0.006289308176100629
2019-05-30,2360,2,173585.17,0.000847457627118644
2019-05-31,2328,6,145947.04,0.002577319587628866
2019-06-01,3291,0,221685.76,0.0
2019-06-02,4041,3,269404.83,0.0007423904974016332
2019-06-03,3792,24,265499.94,0.006329113924050633
2019-06-04,1833,17,124283.77,0.009274413529732678
2019-06-05,2050,12,138634.74,0.005853658536585366
2019-06-06,2419,6,155712.34,0.0024803637866887144
2019-06-07,2303,2,154348.94,0.0008684324793747286
2019-06-08,3330,0,237014.58,0.0
2019-06-09,3900,8,259858.23,0.0020512820512820513
2019-06-10,3831,26,279909.73,0.006786739754633255
2019-06-11,1863,14,132473.32,0.007514761137949544
2019-06-12,2088,0,137645.91,0.0
2019-06-13,2326,5,155923.7,0.0021496130696474634
2019-06-14,2397,11,196445.06,0.00458906967042136
2019-06-15,3335,16,244200.79,0.0047976011994002995
2019-06-16,4060,26,284793.43,0.0064039408866995075
2019-06-17,3890,10,261364.08,0.002570694087403599
2019-06-18,1826,8,130388.82,0.004381161007667032
2019-06-19,1997,7,144248.59,0.0035052578868302454
2019-06-20,2312,5,158794.76,0.0021626297577854673
2019-06-21,2400,10,172977.14,0.004166666666666667
2019-06-22,3291,23,237216.34,0.006988757216651474
2019-06-23,3936,22,288664.76,0.005589430894308943
2019-06-24,3792,6,277637.11,0.0015822784810126582
2019-06-25,1813,1,122968.85,0.0005515719801434088
2019-06-26,2060,5,143375.42,0.0024271844660194173
2019-06-27,2265,9,154278.38,0.003973509933774834
2019-06-28,2268,20,168267.55,0.008818342151675485
2019-06-29,3357,43,248281.06,0.012809055704498064
2019-06-30,3998,15,270099.49,0.0037518759379689846
2019-07-01,3787,0,257189.04,0.0
2019-07-02,1804,11,127586.81,0.006097560975609756
2019-07-03,2073,13,141813.31,0.006271104679208876
2019-07-04,2344,5,157632.69,0.0021331058020477816
2019-07-05,2305,11,170447.61,0.004772234273318872
2019-07-06,3444,22,260879.07,0.006387921022067364
2019-07-07,3982,15,268946.15,0.0037669512807634357
2019-07-08,3852,11,265205.71,0.0028556593977154725
2019-07-09,1872,3,126521.71,0.0016025641025641025
2019-07-10,2069,16,151721.81,0.007733204446592557
2019-07-11,2340,19,180463.03,0.00811965811965812
2019-07-12,2362,15,170650.47,0.006350550381033023
2019-07-13,3301,7,228120.2,0.0021205695243865495
2019-07-14,3878,15,261373.24,0.0038679731820526046
2019-07-15,3742,11,272762.86,0.002939604489577766
2019-07-16,1886,2,128713.91,0.0010604453870625664
2019-07-17,2036,1,140595.38,0.0004911591355599214
2019-07-18,2288,0,163108.3,0.0
2019-07-19,2288,0,148720.17,0.0
2019-07-20,3334,0,207013.26,0.0
2019-07-21,4023,14,303633.57,0.003479990057171265
2019-07-22,3830,26,272085.72,0.006788511749347258
2019-07-23,1837,2,127110.36,0.0010887316276537834
2019-07-24,2092,7,136596.77,0.0033460803059273425
2019-07-25,2307,15,172318.35,0.006501950585175552
2019-07-26,2331,11,156752.97,0.004719004719004719
2019-07-27,3300,31,236571.59,0.009393939393939394
2019-07-28,4045,30,287398.3,0.007416563658838072
2019-07-29,3798,17,261483.07,0.004476040021063717
2019-07-30,1936,1,124095.16,0.0005165289256198347
2019-07-31,2110,0,136516.15,0.0
2019-08-01,2301,0,155876.34,0.0
2019-08-02,2413,13,173318.14,0.005387484459179445
2019-08-03,3427,22,238144.76,0.006419608987452583
2019-08-04,3964,12,272020.18,0.0030272452068617556
2019-08-05,3907,15,258726.66,0.003839262861530586
2019-08-06,1820,1,123099.4,0.0005494505494505495
2019-08-07,2090,5,154636.93,0.0023923444976076554
2019-08-08,2290,8,151645.65,0.0034934497816593887
2019-08-09,2312,3,157954.98,0.0012975778546712802
2019-08-10,3344,13,229242.23,0.00388755980861244
2019-08-11,4089,22,278609.63,0.005380288579114698
2019-08-12,3850,24,277760.35,0.006233766233766234
2019-08-13,1908,12,134104.73,0.006289308176100629
2019-08-14,2128,3,137366.81,0.0014097744360902255
2019-08-15,2330,0,159338.67,0.0
2019-08-16,2313,8,162101.45,0.0034587116299178555
2019-08-17,3370,27,241870.31,0.008011869436201781
2019-08-18,3940,21,268880.79,0.00532994923857868
2019-08-19,3772,12,292757.65,0.003181336161187699
2019-08-20,1852,3,125577.21,0.0016198704103671706
2019-08-21,2074,0,133001.92,0.0
2019-08-22,2257,0,152221.74,0.0
2019-08-23,2324,0,148433.33,0.0
2019-08-24,3433,22,223089.57,0.006408389163996504
2019-08-25,3983,29,285961.62,0.007280944012051218
2019-08-26,3799,19,253110.5,0.005001316135825217
2019-08-27,1838,7,123202.98,0.003808487486398259
2019-08-28,2053,6,146903.15,0.0029225523623964927
2019-08-29,2322,10,169274.7,0.004306632213608958
2019-08-30,2485,26,186360.72,0.010462776659959759
2019-08-31,3371,39,232695.55,0.01156926727973895
2019-09-01,4129,24,282561.59,0.00581254541051102
2019-09-02,3191,4,215138.06,0.0012535255405828893
2019-09-03,1501,6,112717.19,0.003997335109926716
2019-09-04,1682,9,121275.76,0.00535077288941736
2019-09-05,1822,7,120035.02,0.0038419319429198683
2019-09-06,1851,5,121323.0,0.002701242571582928
2019-09-07,2640,18,183202.17,0.006818181818181818
2019-09-08,3152,0,215398.64,0.0
2019-09-09,3052,8,219377.0,0.002621231979030144
2019-09-10,1465,30,104642.83,0.020477815699658702
2019-09-11,1593,41,132316.09,0.02573760200878845
2019-09-12,1795,20,124440.81,0.011142061281337047
2019-09-13,1903,21,136907.92,0.011035207566999475
2019-09-14,2721,25,213712.56,0.009187798603454611
2019-09-15,3243,4,204818.82,0.0012334258402713536
2019-09-16,3081,3,219281.67,0.0009737098344693282
2019-09-17,1505,6,100471.35,0.003986710963455149
2019-09-18,1724,2,131500.28,0.001160092807424594
2019-09-19,1877,20,139594.88,0.010655301012253596
2019-09-20,1858,16,135424.2,0.008611410118406888
2019-09-21,2688,12,179889.31,0.004464285714285714
2019-09-22,3238,22,226720.32,0.0067943174799258805
2019-09-23,3155,37,227290.93,0.011727416798732172
2019-09-24,1449,11,103155.76,0.00759144237405107
2019-09-25,1643,9,109295.82,0.005477784540474742
2019-09-26,1894,2,119583.07,0.0010559662090813093
2019-09-27,1877,6,137743.08,0.0031965903036760787
2019-09-28,2638,24,197444.11,0.009097801364670205
2019-09-29,3198,22,214537.22,0.0068792995622263915
2019-09-30,3087,4,200034.96,0.0012957563977972141
2019-10-01,1499,14,107907.88,0.009339559706470981
2019-10-02,1734,23,122120.59,0.0132641291810842
2019-10-03,1869,7,136004.86,0.003745318352059925
2019-10-04,1863,6,128410.38,0.00322061191626409
2019-10-05,2744,19,189435.98,0.006924198250728863
2019-10-06,3183,25,216518.04,0.007854225573358466
2019-10-07,3095,4,198961.0,0.0012924071082390954
2019-10-08,1423,7,93629.4,0.004919184820801124
2019-10-09,1670,20,114972.1,0.011976047904191617
2019-10-10,1925,16,142828.91,0.008311688311688312
2019-10-11,1882,15,135444.58,0.007970244420828906
2019-10-12,2693,23,203365.55,0.008540660972892685
2019-10-13,3172,30,214916.84,0.009457755359394703
2019-10-14,3129,26,226402.6,0.008309364014062001
2019-10-15,1436,1,93857.92,0.0006963788300835655
2019-10-16,1689,0,119249.76,0.0
2019-10-17,1888,20,147802.11,0.01059322033898305
2019-10-18,1849,27,147795.44,0.014602487831260141
2019-10-19,2684,29,193639.79,0.010804769001490314
2019-10-20,3230,37,239242.96,0.011455108359133126
2019-10-21,2997,19,214816.28,0.006339673006339673
2019-10-22,1507,1,106946.23,0.0006635700066357001
2019-10-23,1710,12,125672.63,0.007017543859649123
2019-10-24,1836,4,133617.6,0.002178649237472767
2019-10-25,1940,1,122049.51,0.0005154639175257732
2019-10-26,2749,15,183849.69,0.005456529647144416
2019-10-27,3194,6,210313.22,0.001878522229179712
2019-10-28,3134,6,220704.06,0.0019144862795149968
2019-10-29,1525,8,109631.77,0.005245901639344262
2019-10-30,1663,11,117653.69,0.00661455201443175
2019-10-31,1846,22,133506.0,0.011917659804983749
2019-11-01,1873,25,140622.73,0.013347570742124934
2019-11-02,2675,32,186811.88,0.011962616822429906
2019-11-03,3252,13,216880.29,0.003997539975399754
2019-11-04,3094,6,206483.09,0.0019392372333548805
2019-11-05,1505,4,105682.23,0.0026578073089701
2019-11-06,1630,4,108356.2,0.00245398773006135
2019-11-07,1872,7,140482.72,0.0037393162393162395
2019-11-08,1894,10,137548.84,0.005279831045406547
2019-11-09,2702,7,174453.51,0.0025906735751295338
2019-11-10,3131,14,213849.96,0.004471414883423826
2019-11-11,3013,18,206287.31,0.005974112180550946
2019-11-12,1458,1,93987.26,0.0006858710562414266
2019-11-13,1589,5,105639.76,0.0031466331025802393
2019-11-14,1880,21,142198.88,0.011170212765957447
2019-11-15,1849,20,133940.83,0.01081665765278529
2019-11-16,2652,5,184983.37,0.001885369532428356
2019-11-17,3238,0,245208.5,0.0
2019-11-18,3155,0,198336.64,0.0
2019-11-19,1471,11,100719.85,0.007477906186267845
2019-11-20,1670,26,114183.54,0.015568862275449102
2019-11-21,1780,5,127245.92,0.0028089887640449437
2019-11-22,1838,7,118140.75,0.003808487486398259
2019-11-23,2640,13,188263.81,0.004924242424242424
2019-11-24,3166,14,210690.8,0.004421983575489577
2019-11-25,3172,17,242262.12,0.005359394703656999
2019-11-26,1486,18,113072.5,0.012113055181695828
2019-11-27,1718,17,117350.74,0.00989522700814901
2019-11-28,1820,20,138944.31,0.01098901098901099
2019-11-29,1828,19,127357.57,0.010393873085339168
2019-11-30,5370,29,383266.68,0.005400372439478585
2019-12-01,6283,18,449873.21,0.002864873468088493
2019-12-02,6150,22,467916.96,0.0035772357723577236
2019-12-03,2986,10,198341.13,0.003348961821835231
2019-12-04,3341,28,234157.4,0.008380724334031727
2019-12-05,3683,21,267582.09,0.005701873472712463
2019-12-06,3697,18,250537.64,0.004868812550716798
2019-12-07,5285,19,387784.93,0.0035950804162724692
2019-12-08,6428,14,431437.57,0.0021779713752333543
2019-12-09,6252,15,417347.73,0.0023992322456813818
2019-12-10,2926,8,195313.42,0.002734107997265892
2019-12-11,3312,17,247370.49,0.005132850241545894
2019-12-12,3731,38,279276.91,0.010184937014205307
2019-12-13,3661,11,257044.52,0.003004643540016389
2019-12-14,5299,14,367827.11,0.002642007926023778
2019-12-15,6425,7,455555.83,0.0010894941634241246
2019-12-16,6127,17,422399.97,0.00277460421086992
2019-12-17,2986,11,226815.32,0.003683858004018754
2019-12-18,3271,6,211826.2,0.0018343014368694588
2019-12-19,3678,9,264694.82,0.0024469820554649264
2019-12-20,3607,21,245869.47,0.005822012752980316
2019-12-21,5366,23,380241.73,0.004286246738725307
2019-12-22,6325,31,416191.18,0.004901185770750988
2019-12-23,5937,40,429240.55,0.0067374094660602995
2019-12-24,2885,25,207699.66,0.008665511265164644
2019-12-25,3274,11,231080.16,0.003359804520464264
2019-12-26,3639,8,252099.19,0.0021984061555372354
2019-12-27,3674,17,248012.03,0.004627109417528579
2019-12-28,5552,33,391150.54,0.005943804034582133
2019-12-29,6320,25,420740.83,0.003955696202531646
2019-12-30,6064,32,447632.46,0.005277044854881266
2019-12-31,2896,23,215118.13,0.007941988950276244
2020-01-01,1294,3,101896.31,0.00231839258114374
2020-01-02,1335,3,84479.36,0.0022471910112359553
2020-01-03,1424,11,97360.32,0.007724719101123595
2020-01-04,2033,23,146362.35,0.01131333005410723
2020-01-05,2461,14,157380.39,0.005688744412840309
2020-01-06,2379,3,162631.18,0.0012610340479192938
2020-01-07,1107,11,84608.81,0.00993676603432701
2020-01-08,1264,18,109046.54,0.014240506329113924
2020-01-09,1404,9,108361.69,0.00641025641025641
2020-01-10,1326,8,94291.21,0.006033182503770739
2020-01-11,2103,20,150544.33,0.009510223490252021
2020-01-12,2468,24,175904.47,0.009724473257698542
2020-01-13,2386,14,171119.4,0.00586756077116513
2020-01-14,1128,0,70230.16,0.0
2020-01-15,1252,8,87020.01,0.006389776357827476
2020-01-16,1444,3,102204.02,0.002077562326869806
2020-01-17,1418,19,106583.99,0.013399153737658674
2020-01-18,2087,19,167930.52,0.009103977000479156
2020-01-19,2441,20,164056.5,0.00819336337566571
2020-01-20,2307,10,154771.06,0.004334633723450368
2020-01-21,1073,0,73125.01,0.0
2020-01-22,1272,5,75922.58,0.003930817610062893
2020-01-23,1384,8,96601.41,0.005780346820809248
2020-01-24,1466,13,103779.17,0.008867667121418827
2020-01-25,2073,12,145415.72,0.005788712011577424
2020-01-26,2358,11,162214.66,0.004664970313825276
2020-01-27,2342,13,154740.94,0.005550811272416738
2020-01-28,1140,4,70726.1,0.0035087719298245615
2020-01-29,1270,5,81145.8,0.003937007874015748
2020-01-30,1373,17,99622.36,0.012381646030589949
2020-01-31,1390,15,102988.12,0.01079136690647482
2020-02-01,2088,21,147139.73,0.010057471264367816
2020-02-02,2384,22,183897.4,0.009228187919463088
2020-02-03,2284,18,162062.27,0.00788091068301226
2020-02-04,1131,6,73781.01,0.005305039787798408
2020-02-05,1294,0,87205.35,0.0
2020-02-06,1363,0,94111.03,0.0
2020-02-07,1405,11,91758.22,0.007829181494661922
2020-02-08,1964,14,142319.3,0.007128309572301426
2020-02-09,2350,13,161355.68,0.005531914893617021
2020-02-10,2338,8,165551.87,0.003421727972626176
2020-02-11,1150,9,86483.91,0.00782608695652174
2020-02-12,1278,5,82994.22,0.003912363067292645
2020-02-13,1331,4,89347.19,0.003005259203606311
2020-02-14,1386,13,97759.77,0.00937950937950938
2020-02-15,2064,18,139873.07,0.00872093023255814
2020-02-16,2366,10,160787.95,0.00422654268808115
2020-02-17,2411,6,180902.49,0.002488593944421402
2020-02-18,1100,3,71700.38,0.0027272727272727275
2020-02-19,1227,10,87380.16,0.008149959250203748
2020-02-20,1393,25,100690.0,0.017946877243359655
2020-02-21,1453,28,102422.89,0.019270474879559532
2020-02-22,2048,17,142425.03,0.00830078125
2020-02-23,2434,13,170089.75,0.005341002465078061
2020-02-24,2324,6,148915.66,0.0025817555938037868
2020-02-25,1176,7,85488.58,0.005952380952380952
2020-02-26,1233,1,87192.73,0.0008110300081103001
2020-02-27,1391,26,96539.48,0.018691588785046728
2020-02-28,1425,22,129768.93,0.015438596491228071
2020-03-01,2718,19,202240.1,0.006990434142752024
2020-03-02,3130,27,231020.19,0.008626198083067093
2020-03-03,3066,9,212119.96,0.0029354207436399216
2020-03-04,1533,6,112755.93,0.003913894324853229
2020-03-05,1605,8,109590.78,0.004984423676012461
2020-03-06,1895,0,132433.48,0.0
2020-03-07,1889,7,125333.98,0.0037056643726839597
2020-03-08,2714,15,196332.27,0.00552689756816507
2020-03-09,3303,7,219696.77,0.002119285498032092
2020-03-10,3075,18,217481.44,0.005853658536585366
2020-03-11,1535,22,122183.38,0.014332247557003257
2020-03-12,1722,31,136768.53,0.018002322880371662
2020-03-13,1860,13,126250.45,0.006989247311827957
2020-03-14,1849,8,125630.08,0.004326663061114116
2020-03-15,2690,18,196194.97,0.006691449814126394
2020-03-16,3334,19,235793.57,0.005698860227954409
2020-03-17,3143,32,215814.61,0.010181355392936684
2020-03-18,1502,14,117526.05,0.009320905459387484
2020-03-19,1700,37,128773.58,0.02176470588235294
2020-03-20,1860,41,136257.74,0.02204301075268817
2020-03-21,1839,15,144233.6,0.008156606851549755
2020-03-22,2748,5,183376.84,0.001819505094614265
2020-03-23,3246,6,227877.76,0.0018484288354898336
2020-03-24,3153,11,208512.06,0.0034887408816999684
2020-03-25,1500,3,100729.33,0.002
2020-03-26,1602,0,109276.42,0.0
2020-03-27,1839,0,129114.19,0.0
2020-03-28,1845,5,121968.29,0.0027100271002710027
2020-03-29,2679,11,190691.33,0.004106009705113848
2020-03-30,3228,4,223668.02,0.0012391573729863693
2020-03-31,3048,33,222470.38,0.010826771653543307
2020-04-01,1561,12,112255.81,0.007687379884689302
2020-04-02,1698,10,133265.57,0.005889281507656066
2020-04-03,1805,15,127174.57,0.008310249307479225
2020-04-04,1892,1,121111.36,0.0005285412262156448
2020-04-05,2714,0,176726.97,0.0
2020-04-06,3327,5,221305.29,0.0015028554253080854
2020-04-07,3211,28,215582.9,0.008720024914356897
2020-04-08,1422,10,96611.24,0.007032348804500703
2020-04-09,1640,9,120769.0,0.00548780487804878
2020-04-10,1926,9,132229.57,0.004672897196261682
2020-04-11,1812,2,128333.44,0.0011037527593818985
2020-04-12,2689,5,186382.32,0.001859427296392711
2020-04-13,3327,9,224864.55,0.002705139765554554
2020-04-14,3086,11,215242.5,0.0035644847699287103
2020-04-15,1488,15,111314.71,0.010080645161290322
2020-04-16,1644,15,116073.95,0.009124087591240875
2020-04-17,1867,17,144443.16,0.009105516871987145
2020-04-18,1838,6,123668.34,0.003264417845484222
2020-04-19,2721,8,191535.58,0.002940095553105476
2020-04-20,3220,18,227245.78,0.0055900621118012426
2020-04-21,3016,10,221331.23,0.0033156498673740055
2020-04-22,1484,0,100767.83,0.0
2020-04-23,1667,7,112011.97,0.004199160167966407
2020-04-24,1836,14,127620.24,0.007625272331154684
2020-04-25,1828,12,129861.19,0.006564551422319475
2020-04-26,2669,10,196298.5,0.003746721618583739
2020-04-27,3146,3,223540.53,0.0009535918626827717
2020-04-28,3117,16,221060.28,0.005133140840551813
2020-04-29,1519,13,112343.07,0.008558262014483212
2020-04-30,1722,12,120358.33,0.006968641114982578
2020-05-01,1754,21,133250.17,0.011972633979475485
2020-05-02,1848,23,141502.77,0.012445887445887446
2020-05-03,2606,31,189510.23,0.011895625479662318
2020-05-04,3147,19,220866.8,0.0060374960279631395
2020-05-05,3068,18,206333.93,0.005867014341590613
2020-05-06,1531,18,109792.1,0.011757021554539516
2020-05-07,1737,16,130966.17,0.009211283822682787
2020-05-08,1882,11,129949.14,0.005844845908607864
2020-05-09,1869,21,135817.98,0.011235955056179775
2020-05-10,2631,35,201611.5,0.01330292664386165
2020-05-11,3262,24,223735.26,0.007357449417535254
2020-05-12,3099,20,233244.84,0.006453694740238786
2020-05-13,1514,14,107672.28,0.009247027741083224
2020-05-14,1695,9,118595.39,0.005309734513274336
2020-05-15,1841,5,119643.36,0.0027159152634437804
2020-05-16,1864,9,126233.29,0.004828326180257511
2020-05-17,2755,15,185663.56,0.0054446460980036296
2020-05-18,3086,10,209870.83,0.0032404406999351912
2020-05-19,3118,21,215388.55,0.006735086593970494
2020-05-20,1386,4,86482.89,0.002886002886002886
2020-05-21,1688,23,120909.64,0.013625592417061612
2020-05-22,1860,11,128437.6,0.005913978494623656
2020-05-23,1890,13,127044.69,0.0068783068783068784
2020-05-24,3430,28,242348.25,0.00816326530612245
2020-05-25,3942,31,271227.48,0.007864028411973617
2020-05-26,3839,9,263256.79,0.0023443605105496223
2020-05-27,1846,14,129065.34,0.007583965330444204
2020-05-28,2131,15,142647.61,0.0070389488503050214
2020-05-29,2325,20,164521.93,0.008602150537634409
2020-05-30,2396,16,197791.64,0.00667779632721202
2020-05-31,3303,3,230654.81,0.0009082652134423251
2020-06-01,4019,5,273514.23,0.001244090569793481
2020-06-02,3935,14,286499.19,0.0035578144853875477
2020-06-03,1867,15,136664.92,0.008034279592929834
2020-06-04,2084,19,143195.89,0.009117082533589251
2020-06-05,2396,6,159802.48,0.0025041736227045075
2020-06-06,2292,5,152440.11,0.002181500872600349
2020-06-07,3288,17,218711.45,0.005170316301703163
2020-06-08,4135,37,298702.91,0.00894800483675937
2020-06-09,3799,8,255865.74,0.0021058173203474598
2020-06-10,1858,12,128413.47,0.006458557588805167
2020-06-11,2101,4,168896.63,0.0019038553069966682
2020-06-12,2372,2,162727.24,0.0008431703204047217
2020-06-13,2300,6,165243.19,0.0026086956521739132
2020-06-14,3359,20,239596.41,0.005954153021732658
2020-06-15,4167,22,296172.66,0.005279577633789297
2020-06-16,3802,10,259567.11,0.0026301946344029457
2020-06-17,1812,35,141792.48,0.019315673289183224
2020-06-18,2028,39,166713.71,0.019230769230769232
2020-06-19,2413,25,176152.74,0.010360547036883548
2020-06-20,2354,26,172070.93,0.011045029736618521
2020-06-21,3394,17,237989.07,0.005008839127872717
2020-06-22,4078,12,273118.13,0.0029426189308484553
2020-06-23,3899,0,261246.19,0.0
2020-06-24,1846,15,121247.77,0.008125677139761646
2020-06-25,2067,5,147070.87,0.0024189646831156266
2020-06-26,2357,11,169726.83,0.004666949512091642
2020-06-27,2360,12,173690.74,0.005084745762711864
2020-06-28,3422,8,237137.95,0.0023378141437755697
2020-06-29,4129,22,291319.4,0.005328166626301768
2020-06-30,3872,38,271232.66,0.00981404958677686
2020-07-01,1854,3,120627.12,0.0016181229773462784
2020-07-02,2032,2,136973.77,0.000984251968503937
2020-07-03,2276,14,184660.3,0.006151142355008787
2020-07-04,2338,9,159208.59,0.003849443969204448
2020-07-05,3494,14,230063.84,0.004006868918145392
2020-07-06,4144,16,284430.27,0.003861003861003861
2020-07-07,3912,8,276974.95,0.002044989775051125
2020-07-08,1768,10,128013.07,0.005656108597285068
2020-07-09,2170,6,145842.11,0.0027649769585253456
2020-07-10,2393,9,163564.87,0.0037609694943585457
2020-07-11,2339,20,163507.76,0.008550662676357419
2020-07-12,3420,21,235926.93,0.0061403508771929825
2020-07-13,3954,8,258369.85,0.0020232675771370764
2020-07-14,3881,5,258038.77,0.0012883277505797476
2020-07-15,1856,3,129892.96,0.0016163793103448276
2020-07-16,2045,0,136245.99,0.0
2020-07-17,2309,0,163397.3,0.0
2020-07-18,2302,12,171279.66,0.005212858384013901
2020-07-19,3445,32,264648.63,0.009288824383164005
2020-07-20,4067,26,275963.01,0.006392918613228424
2020-07-21,3902,17,272394.92,0.004356740133264992
2020-07-22,1796,13,114282.7,0.007238307349665924
2020-07-23,2067,10,153011.91,0.004837929366231253
2020-07-24,2402,5,158465.16,0.0020815986677768525
2020-07-25,2278,4,151580.38,0.001755926251097454
2020-07-26,3406,13,231742.77,0.003816793893129771
2020-07-27,3969,7,263318.26,0.001763668430335097
2020-07-28,3871,10,263966.77,0.0025833118057349523
2020-07-29,1827,0,126988.91,0.0
2020-07-30,2040,12,145667.18,0.0058823529411764705
2020-07-31,2291,12,169164.03,0.005237887385421213
2020-08-01,2300,5,163518.38,0.002173913043478261
2020-08-02,3456,16,253727.93,0.004629629629629629
2020-08-03,4074,28,268014.36,0.006872852233676976
2020-08-04,3852,20,264371.98,0.005192107995846314
2020-08-05,1777,8,137955.17,0.004501969611705121
2020-08-06,2119,17,150617.25,0.008022652194431336
2020-08-07,2330,38,167457.41,0.01630901287553648
2020-08-08,2379,27,170087.17,0.011349306431273645
2020-08-09,3488,10,252514.12,0.0028669724770642203
2020-08-10,3981,9,275952.37,0.002260738507912585
2020-08-11,3828,22,267125.73,0.005747126436781609
2020-08-12,1877,17,139317.2,0.009057005860415556
2020-08-13,2083,17,142677.92,0.00816130580892943
2020-08-14,2252,5,149934.1,0.002220248667850799
2020-08-15,2191,3,146999.55,0.0013692377909630307
2020-08-16,3311,5,224854.38,0.0015101177891875567
2020-08-17,3935,5,256209.02,0.0012706480304955528
2020-08-18,3824,11,263270.86,0.002876569037656904
2020-08-19,1908,2,125619.94,0.0010482180293501049
2020-08-20,2181,18,161508.23,0.008253094910591471
2020-08-21,2342,12,155186.21,0.005123825789923143
2020-08-22,2276,8,150618.13,0.0035149384885764497
2020-08-23,3315,13,238736.88,0.00392156862745098
2020-08-24,4035,17,262070.8,0.004213135068153655
2020-08-25,3746,27,258906.83,0.007207688200747464
2020-08-26,1839,15,119276.53,0.008156606851549755
2020-08-27,2051,20,154356.62,0.009751340809361287
2020-08-28,2296,10,156965.98,0.004355400696864111
2020-08-29,2304,0,162033.47,0.0
2020-08-30,3328,6,218851.06,0.0018028846153846155
2020-08-31,4081,4,274742.59,0.00098015192354815
2020-09-01,3841,13,268332.2,0.003384535277271544
2020-09-02,1496,9,106438.17,0.006016042780748663
2020-09-03,1768,6,124211.89,0.003393665158371041
2020-09-04,1909,19,140975.24,0.00995285489785228
2020-09-05,1896,23,137383.38,0.012130801687763712
2020-09-06,2690,12,190399.09,0.0044609665427509295
2020-09-07,3259,14,240616.26,0.004295796256520405
2020-09-08,3056,18,215641.15,0.0058900523560209425
2020-09-09,1479,8,105847.18,0.005409060175794456
2020-09-10,1800,9,132473.05,0.005
2020-09-11,1966,7,141384.71,0.003560528992878942
2020-09-12,1895,3,120011.25,0.0015831134564643799
2020-09-13,2813,13,189427.04,0.004621400639886242
2020-09-14,3222,10,214537.95,0.0031036623215394167
2020-09-15,3128,6,224871.06,0.0019181585677749361
2020-09-16,1465,12,98042.83,0.008191126279863481
2020-09-17,1672,16,122269.67,0.009569377990430622
2020-09-18,1891,7,130274.93,0.0037017451084082496
2020-09-19,1933,0,131957.81,0.0
2020-09-20,2697,2,181663.53,0.0007415647015202076
2020-09-21,3151,5,229859.46,0.0015867978419549348
2020-09-22,3059,11,209784.57,0.0035959463877084014
2020-09-23,1494,20,107852.36,0.013386880856760375
2020-09-24,1685,25,127153.47,0.01483679525222552
2020-09-25,1877,16,135243.26,0.008524240809802876
2020-09-26,1898,6,131984.9,0.003161222339304531
2020-09-27,2758,20,210223.67,0.007251631617113851
2020-09-28,3196,14,215534.06,0.004380475594493116
2020-09-29,3031,8,218834.94,0.0026393929396238865
2020-09-30,1508,8,107771.0,0.005305039787798408
2020-10-01,1687,5,120243.23,0.002963841138114997
2020-10-02,1912,5,128260.33,0.002615062761506276
2020-10-03,1896,16,131278.64,0.008438818565400843
2020-10-04,2788,40,197393.26,0.014347202295552367
2020-10-05,3177,31,210601.29,0.009757632987094743
2020-10-06,3060,16,207369.0,0.00522875816993464
2020-10-07,1517,14,114928.08,0.00922874093605801
2020-10-08,1610,14,118524.03,0.008695652173913044
2020-10-09,1905,4,125144.53,0.002099737532808399
2020-10-10,1926,7,141291.55,0.0036344755970924196
2020-10-11,2733,14,184638.13,0.005122575923893158
2020-10-12,3201,10,229960.24,0.003124023742580444
2020-10-13,3019,6,209394.13,0.001987413050679033
2020-10-14,1560,17,116498.76,0.010897435897435897
2020-10-15,1694,27,123639.03,0.015938606847697757
2020-10-16,1913,20,139234.11,0.010454783063251438
2020-10-17,1876,17,131175.36,0.00906183368869936
2020-10-18,2709,19,185678.77,0.0070136581764488745
2020-10-19,3200,3,232959.11,0.0009375
2020-10-20,3066,0,202420.6,0.0
2020-10-21,1520,0,102547.03,0.0
2020-10-22,1636,4,106670.86,0.0024449877750611247
2020-10-23,1949,5,135107.76,0.002565418163160595
2020-10-24,1789,15,140067.32,0.008384572386808273
2020-10-25,2728,38,198792.57,0.013929618768328446
2020-10-26,3226,4,225089.24,0.0012399256044637321
2020-10-27,3117,10,216442.2,0.003208213025344883
2020-10-28,1538,5,96087.62,0.003250975292587776
2020-10-29,1633,4,115429.92,0.002449479485609308
2020-10-30,1902,1,145623.0,0.0005257623554153522
2020-10-31,1861,13,136463.29,0.006985491671144546
2020-11-01,2716,16,192046.04,0.005891016200294551
2020-11-02,3127,4,208945.93,0.0012791813239526704
2020-11-03,3151,8,215889.54,0.0025388765471278957
2020-11-04,1495,16,107214.73,0.010702341137123745
2020-11-05,1640,19,115744.79,0.011585365853658536
2020-11-06,1823,8,127929.06,0.004388370817334065
2020-11-07,1902,5,132237.4,0.0026288117770767614
2020-11-08,2729,12,190596.97,0.004397215097105167
2020-11-09,3371,7,226778.6,0.0020765351527736575
2020-11-10,3166,13,219672.35,0.00410612760581175
2020-11-11,1536,3,97450.89,0.001953125
2020-11-12,1623,8,109027.62,0.004929143561306223
2020-11-13,1877,13,126476.08,0.006925945657964837
2020-11-14,1817,6,128139.23,0.003302146395156852
2020-11-15,2712,6,176292.98,0.0022123893805309734
2020-11-16,3200,6,228465.23,0.001875
2020-11-17,3097,0,192836.69,0.0
2020-11-18,1460,9,104700.2,0.0061643835616438354
2020-11-19,1685,15,116180.79,0.008902077151335312
2020-11-20,1843,21,138370.03,0.011394465545306565
2020-11-21,1818,7,126301.02,0.0038503850385038503
2020-11-22,2651,3,184870.82,0.001131648434552999
2020-11-23,3212,8,227969.81,0.0024906600249066002
2020-11-24,2989,4,220440.88,0.0013382402141184342
2020-11-25,1488,17,114463.32,0.0114247311827957
2020-11-26,1661,29,128329.3,0.017459361830222758
2020-11-27,1834,23,157088.42,0.012540894220283533
2020-11-28,1796,8,119694.68,0.004454342984409799
2020-11-29,2686,0,169977.34,0.0
2020-11-30,6530,0,424456.99,0.0
2020-12-01,6204,11,421709.5,0.0017730496453900709
2020-12-02,2991,16,199264.59,0.005349381477766633
2020-12-03,3264,4,216371.66,0.0012254901960784314
2020-12-04,3685,8,247934.76,0.002170963364993216
2020-12-05,3785,14,250418.23,0.0036988110964332895
2020-12-06,5397,18,400919.52,0.0033351862145636463
2020-12-07,6506,11,451228.81,0.001690747002766677
2020-12-08,6164,29,424498.29,0.004704737183646983
2020-12-09,2974,14,195380.39,0.004707464694014795
2020-12-10,3451,4,237353.05,0.0011590843233845263
2020-12-11,3793,21,253503.93,0.005536514632217242
2020-12-12,3641,19,252035.64,0.005218346608074705
2020-12-13,5400,9,369623.14,0.0016666666666666668
2020-12-14,6400,11,449640.22,0.00171875
2020-12-15,6050,13,436418.32,0.0021487603305785125
2020-12-16,3012,12,229668.93,0.00398406374501992
2020-12-17,3430,13,244420.34,0.0037900874635568515
2020-12-18,3830,3,263449.48,0.000783289817232376
2020-12-19,3705,7,260247.22,0.0018893387314439945
2020-12-20,5431,4,373431.01,0.0007365126127784938
2020-12-21,6390,10,448059.05,0.001564945226917058
2020-12-22,6123,7,440479.53,0.0011432304425935
2020-12-23,2941,0,190250.86,0.0
2020-12-24,3285,0,211545.63,0.0
2020-12-25,3649,0,246470.08,0.0
2020-12-26,3769,0,257104.75,0.0
2020-12-27,5347,0,377875.84,0.0
2020-12-28,6321,0,412721.56,0.0
2020-12-29,6205,0,416623.53,0.0
2020-12-30,3018,0,198556.4,0.0
2020-12-31,3377,0,225928.79,0.0
